,combination,p-value1,p-value2,p-value3
0, x1,0.128765011,0,0
1, x2,0,0,0
2, x3,0.4840859,0,0
3, x1 + x2,2.35E-228,0,0
4, x2 + x3,0,0.21095741,0
5, x1 + x3,0.116640301,0.420889109,0
6, x1 + x2 + x3,1.33E-227,0,0.663020781
